HN016,SPN01
HN046,SPN01
HN002,SPN02
HN009,SPN02
HN017,SPN02
HN024,SPN02
HN032,SPN02
HN039,SPN02
HN047,SPN02
HN054,SPN02
HN003,SPN03
HN018,SPN03
HN033,SPN03
HN048,SPN03
HN020,SPN04
HN035,SPN04
HN056,SPN04
HN005,SPN05
HN050,SPN05
HN006,SPN06
HN021,SPN06
HN036,SPN06
HN051,SPN06
HN057,SPN06
HN008,SPN07
HN023,SPN07
HN038,SPN07
HN053,SPN07
HN001,SPN08
HN004,SPN08
HN007,SPN08
HN010,SPN08
HN013,SPN08
HN019,SPN08
HN022,SPN08
HN025,SPN08
HN028,SPN08
HN031,SPN08
HN034,SPN08
HN037,SPN08
HN040,SPN08
HN043,SPN08
HN049,SPN08
HN052,SPN08
HN055,SPN08
HN058,SPN08
HN011,SPN09
HN026,SPN09
HN041,SPN09
HN012,SPN11
HN027,SPN11
HN042,SPN11
HN014,SPN12
HN029,SPN12
HN044,SPN12
HN059,SPN12
HN015,SPN14
HN030,SPN14
HN045,SPN14
HN060,SPN14
